{
  "id": "3384157",
  "name": "gmall",
  "font_family": "iconfont",
  "css_prefix_text": "icon-",
  "description": "",
  "glyphs": [
    {
      "icon_id": "29950",
      "name": "time",
      "font_class": "time",
      "unicode": "e65f",
      "unicode_decimal": 58975
    },
    {
      "icon_id": "1396829",
      "name": "Up",
      "font_class": "Up",
      "unicode": "e79b",
      "unicode_decimal": 59291
    },
    {
      "icon_id": "6802239",
      "name": "Up-1",
      "font_class": "Up-",
      "unicode": "e75c",
      "unicode_decimal": 59228
    },
    {
      "icon_id": "6802251",
      "name": "Down-1",
      "font_class": "Down-",
      "unicode": "e765",
      "unicode_decimal": 59237
    }
  ]
}
